{
  "Stress": 9.287746717057754,
  "Sleep": 2.528929356855235
}